Participant ID,GS Score,Total Sessions,Refrigerator Sessions,Refrigerator Rate (%),Non-Refrigerator Sessions,Refrigerator Session IDs,Non-Refrigerator Session IDs,All Session IDs
5ucthf1xhr6b0w454kzq,65,10,0,0.0,10,,65a733a2-8ec4-487c-8058-1ff765312f00; dc41c89d-394f-40f4-8006-ca0259926267; 4cbb1e5d-9c71-438a-9a45-3ca20982ab55; 77d075cb-3a53-491e-93ef-7d1de50a1240; 8bfe6910-2fb8-426a-9fce-5687fc14f9b9; 264789e5-b2dc-494c-9a74-64292e381fb7; ff08c5a7-375a-42cc-ad2f-6ac99a7299d1; bfd386e5-0c21-49da-8060-888aa81e5781; e9a8ee23-3259-4b78-994d-75158c0ae2d6; 146252cd-f21c-4744-894f-a14e047987b4,65a733a2-8ec4-487c-8058-1ff765312f00; dc41c89d-394f-40f4-8006-ca0259926267; 4cbb1e5d-9c71-438a-9a45-3ca20982ab55; 77d075cb-3a53-491e-93ef-7d1de50a1240; 8bfe6910-2fb8-426a-9fce-5687fc14f9b9; 264789e5-b2dc-494c-9a74-64292e381fb7; ff08c5a7-375a-42cc-ad2f-6ac99a7299d1; bfd386e5-0c21-49da-8060-888aa81e5781; e9a8ee23-3259-4b78-994d-75158c0ae2d6; 146252cd-f21c-4744-894f-a14e047987b4
upg7bihcg53hepr0bxv9,71,20,0,0.0,20,,34c6d3ca-aece-4ce1-8054-9d243832054c; 1e2d2966-2148-48dc-876c-808b97f1b848; 321dad7d-5450-4b86-89d9-8a36203467a2; 1d1cd48e-72a4-4109-85ec-ca7a01898bbd; feeaf8cd-dff6-42fd-bbf0-ad93f94090cd; bdf241fa-71ae-49c7-8726-e47db47ed5c3; e25e5695-176c-4dc1-8f1e-d3db08393da0; 33247ac8-c4f7-431f-8300-9e52172766c4; 855009fb-58ad-4492-9f75-6b12c8d5fe1d; 268c0438-b461-4063-abb1-871d48d30c91; 3206591a-5e53-41c0-940b-dba4ebb019e4; aa0a8e94-5060-4040-90b0-52f4345ec166; 192ac176-304c-44d0-94bc-1f01af55d362; f8987034-9d5b-4929-9ea8-04c5f2c47dc9; 1d7c7622-cf6a-402a-b5e3-a80c51089966; cf126519-ddea-421d-89b9-b32ace48acb1; edc4f5e5-da72-41ff-b1e0-38aa317b2f3d; 8630c2d2-6084-4296-86ec-343607895739; ae1eea15-4c72-4f13-8641-6c334e53fa88; cac341b0-f39d-44aa-9cd8-88b0f2b7fd8b,34c6d3ca-aece-4ce1-8054-9d243832054c; 1e2d2966-2148-48dc-876c-808b97f1b848; 321dad7d-5450-4b86-89d9-8a36203467a2; 1d1cd48e-72a4-4109-85ec-ca7a01898bbd; feeaf8cd-dff6-42fd-bbf0-ad93f94090cd; bdf241fa-71ae-49c7-8726-e47db47ed5c3; e25e5695-176c-4dc1-8f1e-d3db08393da0; 33247ac8-c4f7-431f-8300-9e52172766c4; 855009fb-58ad-4492-9f75-6b12c8d5fe1d; 268c0438-b461-4063-abb1-871d48d30c91; 3206591a-5e53-41c0-940b-dba4ebb019e4; aa0a8e94-5060-4040-90b0-52f4345ec166; 192ac176-304c-44d0-94bc-1f01af55d362; f8987034-9d5b-4929-9ea8-04c5f2c47dc9; 1d7c7622-cf6a-402a-b5e3-a80c51089966; cf126519-ddea-421d-89b9-b32ace48acb1; edc4f5e5-da72-41ff-b1e0-38aa317b2f3d; 8630c2d2-6084-4296-86ec-343607895739; ae1eea15-4c72-4f13-8641-6c334e53fa88; cac341b0-f39d-44aa-9cd8-88b0f2b7fd8b
6yj1my3mme2bcwg0fpa4,71,5,0,0.0,5,,c4cdcb82-4a3d-4be8-a537-39193816fbaf; fab818ae-714c-4c3b-bbf1-df4ce6c2c1dd; e37d8aa9-6800-42a3-b3be-7175412ccdaa; 19ad3096-ed97-45ef-be20-94617bd9e1ea; bd1d7aba-b8b9-4de8-8b50-59d1b4e74af9,c4cdcb82-4a3d-4be8-a537-39193816fbaf; fab818ae-714c-4c3b-bbf1-df4ce6c2c1dd; e37d8aa9-6800-42a3-b3be-7175412ccdaa; 19ad3096-ed97-45ef-be20-94617bd9e1ea; bd1d7aba-b8b9-4de8-8b50-59d1b4e74af9
zsmb7ol0quo9ujkhvfqy,75,46,0,0.0,46,,6b79838c-08dc-4db0-8a98-0571d9719006; c12e02f7-e824-4dff-baed-25308281e912; 6b104cd2-5516-48db-bb0f-b7f076470c6e; 0651dd94-af30-4a97-b7a1-920e3b5f6dc0; 7b17153a-ee1f-45a2-b4fa-ff22d5e636c4; b44b7ddc-026e-4e52-99fb-65f6282d412d; 272d4cdb-9f44-4ef1-8ffc-844f367b4da9; 1a6b025b-c196-4d41-93b1-68b850dece99; 882287e7-5171-47fa-84d1-073f695c2ccd; feb765bc-5683-416a-bc73-245ea77c382d; 5c7b3127-2ea5-4755-824c-6a7560bca9ae; 158792d8-b333-463b-b385-fec1be4f63c5; 7e1bda7f-30a5-4b8b-9a93-2ac0273206b6; 302e871a-b42e-4828-810e-f867c48d1067; faffe0ed-52f1-451d-bb80-0b19aabbe591; 0f911a4e-ffc6-4372-b5ca-f40c554d2fd2; 2ca49755-d566-4ead-b09d-6a3208a68e21; 3e033adc-f32b-4d9c-99ea-99198455ef09; 813a5535-9bcc-4284-9419-a1c98f3830bf; c101bd55-4288-440b-a106-cd7b3cdf2846; 311e5a3c-1b76-4e33-8661-3ac198b5b9d7; 424b0b3f-f5cf-4b65-9184-3d641bbcc405; 1adf6e15-4dd4-4db0-bbb2-a9c6563da83c; c0dcf8ea-3ead-4d03-8666-86482e703387; 0fd03f89-7aa9-4883-b013-ff616c5f4ee1; 9ab13afc-3d01-46ed-b8e9-83b389fba6e6; 7542a790-45cc-4220-ba86-cb6a41feac27; e7237691-7b25-4d9a-937e-9b49464abeec; bc755245-46c6-40ac-8fe3-0921d6a580b9; 93285e55-0f66-4d08-9d42-d7f647391a9f; b92b4ca2-f853-486c-b389-427f9179fc3c; ff5c5960-d5b1-495a-be16-4fdc067a8e07; b9933e8d-57b7-43f0-8c0e-dc5b719ae9b3; dff685c3-edc7-430a-92b7-b7e6b2af24aa; 80e7e66f-fefc-4e13-a0bc-0fdc6e7e877d; 208d70de-7e47-42f3-ab75-15b24f13d493; 78d8d0e9-207f-4423-bc76-ed503df20457; 1d88789c-1fd8-4135-9891-38d9ba52f5b5; 3a974a2a-b6ac-4360-a804-b956929f8725; b1bb05b7-21ba-4135-bca4-72897cc39d3e; 2d951252-cda6-40d3-9477-6b1668006047; 782960f9-1653-4e86-8589-b9a0277584cd; 0070aa4d-bc32-4912-a959-45da3001b75c; 6b3fe24d-5bc8-4731-ae6f-4da9338d03e6; 404f569e-53e5-47c5-ab2c-9aaca1b7a10e; 56b4513f-2ea6-4427-bbe3-03e40fd58dd0,6b79838c-08dc-4db0-8a98-0571d9719006; c12e02f7-e824-4dff-baed-25308281e912; 6b104cd2-5516-48db-bb0f-b7f076470c6e; 0651dd94-af30-4a97-b7a1-920e3b5f6dc0; 7b17153a-ee1f-45a2-b4fa-ff22d5e636c4; b44b7ddc-026e-4e52-99fb-65f6282d412d; 272d4cdb-9f44-4ef1-8ffc-844f367b4da9; 1a6b025b-c196-4d41-93b1-68b850dece99; 882287e7-5171-47fa-84d1-073f695c2ccd; feb765bc-5683-416a-bc73-245ea77c382d; 5c7b3127-2ea5-4755-824c-6a7560bca9ae; 158792d8-b333-463b-b385-fec1be4f63c5; 7e1bda7f-30a5-4b8b-9a93-2ac0273206b6; 302e871a-b42e-4828-810e-f867c48d1067; faffe0ed-52f1-451d-bb80-0b19aabbe591; 0f911a4e-ffc6-4372-b5ca-f40c554d2fd2; 2ca49755-d566-4ead-b09d-6a3208a68e21; 3e033adc-f32b-4d9c-99ea-99198455ef09; 813a5535-9bcc-4284-9419-a1c98f3830bf; c101bd55-4288-440b-a106-cd7b3cdf2846; 311e5a3c-1b76-4e33-8661-3ac198b5b9d7; 424b0b3f-f5cf-4b65-9184-3d641bbcc405; 1adf6e15-4dd4-4db0-bbb2-a9c6563da83c; c0dcf8ea-3ead-4d03-8666-86482e703387; 0fd03f89-7aa9-4883-b013-ff616c5f4ee1; 9ab13afc-3d01-46ed-b8e9-83b389fba6e6; 7542a790-45cc-4220-ba86-cb6a41feac27; e7237691-7b25-4d9a-937e-9b49464abeec; bc755245-46c6-40ac-8fe3-0921d6a580b9; 93285e55-0f66-4d08-9d42-d7f647391a9f; b92b4ca2-f853-486c-b389-427f9179fc3c; ff5c5960-d5b1-495a-be16-4fdc067a8e07; b9933e8d-57b7-43f0-8c0e-dc5b719ae9b3; dff685c3-edc7-430a-92b7-b7e6b2af24aa; 80e7e66f-fefc-4e13-a0bc-0fdc6e7e877d; 208d70de-7e47-42f3-ab75-15b24f13d493; 78d8d0e9-207f-4423-bc76-ed503df20457; 1d88789c-1fd8-4135-9891-38d9ba52f5b5; 3a974a2a-b6ac-4360-a804-b956929f8725; b1bb05b7-21ba-4135-bca4-72897cc39d3e; 2d951252-cda6-40d3-9477-6b1668006047; 782960f9-1653-4e86-8589-b9a0277584cd; 0070aa4d-bc32-4912-a959-45da3001b75c; 6b3fe24d-5bc8-4731-ae6f-4da9338d03e6; 404f569e-53e5-47c5-ab2c-9aaca1b7a10e; 56b4513f-2ea6-4427-bbe3-03e40fd58dd0
0ygeljn2pijt3winxzlt,75,20,0,0.0,20,,a9720139-7921-48bd-914c-432208e28a56; 6689c9c3-85c8-4ced-a67c-f2891847f701; 64d81c86-ecd7-41da-926a-f2f5a66797c9; 6ff50816-7c93-458d-be5b-7d74bc94c76c; 2ffa8481-9439-4b22-8c0a-dbcdcbfd84a8; 87b3e800-eaf0-4826-9e5b-0625d68c5532; b95612a5-0a6c-4c56-b234-e68c52ada926; 0b9473c9-2a24-4367-b5da-8f20e300448b; 4acd6dec-da94-48e3-8121-83760aec159f; 39fa5cb9-e421-4d8a-9a01-32aa8f642130; 60959166-b48b-4b68-91c3-747562812254; 4105463c-e807-4193-9ade-fbd8ef59b4e5; 7fca8511-797c-4514-b472-ec9abe2b06db; e72bd9f2-a24c-4bc2-b5fd-d070b44a11ff; e446b71d-d803-4ca0-8e31-681312fff7be; 281a76cd-3e85-4624-af25-f9083f20e69d; 37430b84-d793-4f06-b831-94a6cf1ea029; 27e1184a-cacc-4077-a82c-926e904a4795; bd731107-1ac5-4e0f-bd69-50549f78e6d8; 54b90588-0be3-4ede-8b77-8b1e1a20596d,a9720139-7921-48bd-914c-432208e28a56; 6689c9c3-85c8-4ced-a67c-f2891847f701; 64d81c86-ecd7-41da-926a-f2f5a66797c9; 6ff50816-7c93-458d-be5b-7d74bc94c76c; 2ffa8481-9439-4b22-8c0a-dbcdcbfd84a8; 87b3e800-eaf0-4826-9e5b-0625d68c5532; b95612a5-0a6c-4c56-b234-e68c52ada926; 0b9473c9-2a24-4367-b5da-8f20e300448b; 4acd6dec-da94-48e3-8121-83760aec159f; 39fa5cb9-e421-4d8a-9a01-32aa8f642130; 60959166-b48b-4b68-91c3-747562812254; 4105463c-e807-4193-9ade-fbd8ef59b4e5; 7fca8511-797c-4514-b472-ec9abe2b06db; e72bd9f2-a24c-4bc2-b5fd-d070b44a11ff; e446b71d-d803-4ca0-8e31-681312fff7be; 281a76cd-3e85-4624-af25-f9083f20e69d; 37430b84-d793-4f06-b831-94a6cf1ea029; 27e1184a-cacc-4077-a82c-926e904a4795; bd731107-1ac5-4e0f-bd69-50549f78e6d8; 54b90588-0be3-4ede-8b77-8b1e1a20596d
tj6owkrz1ncbealchwad,75,35,0,0.0,35,,e7c00d45-06cf-4e77-bc5a-f3326d11d4f0; ba804283-5531-4b4d-8d19-e777c5a2e81b; 6e8302dc-b758-478b-8cca-1a1f875f128e; 3bdff36a-0a4f-4749-87e1-93ab54b75aa5; 5d323897-4d3b-4b7a-b016-b3eb95b376b9; 9b8b3921-ab35-4eb0-ae7c-4357d97d60d6; c901e869-e862-4ae7-a8c0-c31039ad5dc2; 0977926b-79c7-4c2b-9da1-e8bb1e4019de; ed114916-6e2f-45fb-b63a-a22badbc2078; b1c08242-32d3-494f-bbdf-470d814c7478; 525f2135-edcc-4491-97ac-1a449527df41; d2dc7455-1dc6-46ee-b12b-286dd4830ca0; 54fe14c7-71ed-4d12-824f-b0d7c0dcf6c7; 6dabb3d6-7882-4a31-b9ae-29c7fecc820a; d1f066dc-27b2-4f1e-acb7-e8e3b0203b31; 6c02829d-580f-43fb-855f-6984d8b25596; 3dda21b1-c7af-4056-818c-fd4ad61585a2; 2a323215-ebc5-4685-9c93-f08d19d08c60; daba1360-e564-4bd6-afc0-002b20d2934e; 9d7fa58d-f29a-4df8-9125-efe39674a2fe; fd963c20-8049-46db-a554-28ff88219e77; 00496337-8b9b-4058-b16d-ce57235a43cf; bbd5ff3e-0cfd-4a94-a98d-aae17e6cffa7; f3fe4b93-072a-4623-ab95-8d2dc7878ef9; 21bfd11d-75d5-4d41-8117-d9746cb6d49c; d483a0f8-ae07-48e2-a38d-f9deaedbd18a; a4ab6dcf-eebc-4580-9bed-e7abd683697a; a6d7b385-7557-41e9-b2c1-f1aaa0b2e9ff; 6115e7a4-b133-4ae4-9171-ea6373a352fe; 64405364-d76e-4b68-9144-7a14c2972aa8; d3a5f605-4558-4471-bc17-f05e2fcff7c6; 0eeded43-9c05-4911-9e92-dd4455c9505b; 7e3ebe7a-981f-422a-8c28-4f5a1b982fbe; 1b282670-50f4-4eb3-a1d9-0cccc96d7727; e31f7442-60c9-4d2d-b820-0bbfa55c995e,e7c00d45-06cf-4e77-bc5a-f3326d11d4f0; ba804283-5531-4b4d-8d19-e777c5a2e81b; 6e8302dc-b758-478b-8cca-1a1f875f128e; 3bdff36a-0a4f-4749-87e1-93ab54b75aa5; 5d323897-4d3b-4b7a-b016-b3eb95b376b9; 9b8b3921-ab35-4eb0-ae7c-4357d97d60d6; c901e869-e862-4ae7-a8c0-c31039ad5dc2; 0977926b-79c7-4c2b-9da1-e8bb1e4019de; ed114916-6e2f-45fb-b63a-a22badbc2078; b1c08242-32d3-494f-bbdf-470d814c7478; 525f2135-edcc-4491-97ac-1a449527df41; d2dc7455-1dc6-46ee-b12b-286dd4830ca0; 54fe14c7-71ed-4d12-824f-b0d7c0dcf6c7; 6dabb3d6-7882-4a31-b9ae-29c7fecc820a; d1f066dc-27b2-4f1e-acb7-e8e3b0203b31; 6c02829d-580f-43fb-855f-6984d8b25596; 3dda21b1-c7af-4056-818c-fd4ad61585a2; 2a323215-ebc5-4685-9c93-f08d19d08c60; daba1360-e564-4bd6-afc0-002b20d2934e; 9d7fa58d-f29a-4df8-9125-efe39674a2fe; fd963c20-8049-46db-a554-28ff88219e77; 00496337-8b9b-4058-b16d-ce57235a43cf; bbd5ff3e-0cfd-4a94-a98d-aae17e6cffa7; f3fe4b93-072a-4623-ab95-8d2dc7878ef9; 21bfd11d-75d5-4d41-8117-d9746cb6d49c; d483a0f8-ae07-48e2-a38d-f9deaedbd18a; a4ab6dcf-eebc-4580-9bed-e7abd683697a; a6d7b385-7557-41e9-b2c1-f1aaa0b2e9ff; 6115e7a4-b133-4ae4-9171-ea6373a352fe; 64405364-d76e-4b68-9144-7a14c2972aa8; d3a5f605-4558-4471-bc17-f05e2fcff7c6; 0eeded43-9c05-4911-9e92-dd4455c9505b; 7e3ebe7a-981f-422a-8c28-4f5a1b982fbe; 1b282670-50f4-4eb3-a1d9-0cccc96d7727; e31f7442-60c9-4d2d-b820-0bbfa55c995e
3n741b6m53iulc3ml507,75,27,0,0.0,27,,3b574ffd-ccd9-40b4-94a1-f81f67d70bf9; e5612f76-c226-45a5-8378-b9e59181cedd; 8475917d-2212-4edc-9618-3cdccbb173b4; d1a9cf2a-6f50-4d4d-bef3-0068887fde64; c125305e-9946-4029-b180-7f9f8d95ebf4; 67cfe339-e99a-46e4-bff7-f3b516d89c90; 92bd2d34-d337-4438-a56d-4e55cbe4a762; 1356907c-ffa2-41ff-a024-4c90082bc60b; dcd85757-753b-4920-af00-520a59ef75ff; 2f29bd60-1a03-4a76-86c9-ead802b8a603; ed5240be-e691-464c-b22a-4ec758571a36; 09046635-8b1c-43a1-975a-b749708e4ed9; 3ec89bcb-af81-449a-971c-1cf87d05ab63; c5d615b6-f8ab-44a4-a65b-d38750feb72c; ec5709a5-d722-4a73-be06-55ff159940a3; 8315b16c-c24e-4586-b8ca-78409fac7853; d0049e93-9b18-401e-90ae-2b21bbbe6db7; 1b951391-fdcc-446e-beb9-c0488447d581; b6626c85-cea3-4d1d-9671-2fc4ccb05b1f; 60152fc4-aa8e-46df-9d30-7ba7ccbc6d75; e428d966-5c1f-42ff-a003-1c9a520f5625; fca6e971-1e76-4804-955d-4cdf63460111; e528c62c-9df0-4666-a3bb-5998eef8a36a; 0e53c0a6-8478-4df2-98fd-ff28f6ca0f90; 4c11fc79-ffdd-4264-a5dc-4884f3eadacc; 992340fb-ad69-499a-bc74-e1579ca1a1a5; b004f128-84fc-4d83-a56f-8dc513775c2a,3b574ffd-ccd9-40b4-94a1-f81f67d70bf9; e5612f76-c226-45a5-8378-b9e59181cedd; 8475917d-2212-4edc-9618-3cdccbb173b4; d1a9cf2a-6f50-4d4d-bef3-0068887fde64; c125305e-9946-4029-b180-7f9f8d95ebf4; 67cfe339-e99a-46e4-bff7-f3b516d89c90; 92bd2d34-d337-4438-a56d-4e55cbe4a762; 1356907c-ffa2-41ff-a024-4c90082bc60b; dcd85757-753b-4920-af00-520a59ef75ff; 2f29bd60-1a03-4a76-86c9-ead802b8a603; ed5240be-e691-464c-b22a-4ec758571a36; 09046635-8b1c-43a1-975a-b749708e4ed9; 3ec89bcb-af81-449a-971c-1cf87d05ab63; c5d615b6-f8ab-44a4-a65b-d38750feb72c; ec5709a5-d722-4a73-be06-55ff159940a3; 8315b16c-c24e-4586-b8ca-78409fac7853; d0049e93-9b18-401e-90ae-2b21bbbe6db7; 1b951391-fdcc-446e-beb9-c0488447d581; b6626c85-cea3-4d1d-9671-2fc4ccb05b1f; 60152fc4-aa8e-46df-9d30-7ba7ccbc6d75; e428d966-5c1f-42ff-a003-1c9a520f5625; fca6e971-1e76-4804-955d-4cdf63460111; e528c62c-9df0-4666-a3bb-5998eef8a36a; 0e53c0a6-8478-4df2-98fd-ff28f6ca0f90; 4c11fc79-ffdd-4264-a5dc-4884f3eadacc; 992340fb-ad69-499a-bc74-e1579ca1a1a5; b004f128-84fc-4d83-a56f-8dc513775c2a
xauygnkfgr5p2y9ll3bf,75,34,0,0.0,34,,39dd4e80-0fd9-4432-bc96-410a922dcd86; 32b521a6-aceb-4eb2-b598-e782523c04e5; b7ca2f5e-f4b1-413c-9154-ff81b8808219; 7520bb8d-07a2-4456-ba97-ef29e850a778; 61432684-cfea-4c09-a656-79151e975750; 24023a3a-c8a8-4d7c-8cdc-81158934836e; b9f8f55b-4ff2-4ce5-a33d-48c66c510ab3; 89228b9e-b8d5-45f3-b680-92229f0b5cc9; 681e4514-d667-4ad7-ae42-1c37f4f7fe0b; 400ac842-3f77-4471-a2c1-c494a8aa61ab; 18473245-316c-4df1-8156-87a7d4101dec; 81b89419-9679-45fb-87b3-f186ff4ba7a4; 0799eae1-31c9-4a32-83c1-488ba5645d52; bdaa821c-5c26-46cf-bc86-1aa13c9fdaeb; b58fc16b-ae8b-47cc-990b-4b52e784266c; 3f44979c-b37f-416d-a539-18e5563f537b; d08d8e0b-0187-40dc-ac39-a5f6bdb527e9; 98a3896e-dd8a-4d39-952c-4d942cb28f3c; ce3161ea-6bea-46e0-a1a4-549757f70eda; 34b73e2b-ff9d-4b82-9295-0f8720d7bd6e; 232fdfaa-ca59-4d77-86f0-f78e90ee751f; b1312924-9071-4792-9d56-29ab9e58266d; 19e0af4a-58ea-4687-a7d7-17c57890d3bb; fa718c67-f8c8-4801-8efe-89ff30b99f63; c377b7aa-c29c-4e46-945e-d3c5bdd8d466; a3710036-9b2d-46b7-9d10-f52dccfd744d; 8c42423f-fe09-485e-974d-a4c237c06742; 5ab037d3-999e-421f-88e5-7a7d6e11f39b; d77dfe95-52b8-4e81-a78a-f82aa5e4771d; 1b571d8c-3b8e-404d-b9cd-15116eff801a; 154f05bc-c7e7-4fa7-a297-cae1611c06fc; 7604ab1e-0e65-4f6c-898e-de82a620b906; 090645be-ce68-4b96-bcf2-0a8fa3c78582; 6214e572-406d-42df-a79e-09bf691a8085,39dd4e80-0fd9-4432-bc96-410a922dcd86; 32b521a6-aceb-4eb2-b598-e782523c04e5; b7ca2f5e-f4b1-413c-9154-ff81b8808219; 7520bb8d-07a2-4456-ba97-ef29e850a778; 61432684-cfea-4c09-a656-79151e975750; 24023a3a-c8a8-4d7c-8cdc-81158934836e; b9f8f55b-4ff2-4ce5-a33d-48c66c510ab3; 89228b9e-b8d5-45f3-b680-92229f0b5cc9; 681e4514-d667-4ad7-ae42-1c37f4f7fe0b; 400ac842-3f77-4471-a2c1-c494a8aa61ab; 18473245-316c-4df1-8156-87a7d4101dec; 81b89419-9679-45fb-87b3-f186ff4ba7a4; 0799eae1-31c9-4a32-83c1-488ba5645d52; bdaa821c-5c26-46cf-bc86-1aa13c9fdaeb; b58fc16b-ae8b-47cc-990b-4b52e784266c; 3f44979c-b37f-416d-a539-18e5563f537b; d08d8e0b-0187-40dc-ac39-a5f6bdb527e9; 98a3896e-dd8a-4d39-952c-4d942cb28f3c; ce3161ea-6bea-46e0-a1a4-549757f70eda; 34b73e2b-ff9d-4b82-9295-0f8720d7bd6e; 232fdfaa-ca59-4d77-86f0-f78e90ee751f; b1312924-9071-4792-9d56-29ab9e58266d; 19e0af4a-58ea-4687-a7d7-17c57890d3bb; fa718c67-f8c8-4801-8efe-89ff30b99f63; c377b7aa-c29c-4e46-945e-d3c5bdd8d466; a3710036-9b2d-46b7-9d10-f52dccfd744d; 8c42423f-fe09-485e-974d-a4c237c06742; 5ab037d3-999e-421f-88e5-7a7d6e11f39b; d77dfe95-52b8-4e81-a78a-f82aa5e4771d; 1b571d8c-3b8e-404d-b9cd-15116eff801a; 154f05bc-c7e7-4fa7-a297-cae1611c06fc; 7604ab1e-0e65-4f6c-898e-de82a620b906; 090645be-ce68-4b96-bcf2-0a8fa3c78582; 6214e572-406d-42df-a79e-09bf691a8085
2kp9t3z41pycgn1ld2cy,78,17,0,0.0,17,,0c4b32c6-9d89-451f-b806-84cfa5ccc100; 868d9879-6cd6-45d0-934d-eb07ec850bf1; 546a508c-c4cf-43e2-b376-5e019189b763; 3a199109-ea15-4641-bd15-7beec69e2976; 4fd01887-bb49-444d-90d3-7d58def8ecec; f5ffd00a-02ed-4843-a4c5-f676ccfd764b; e526e134-d654-4be7-9f48-a06bccf5f961; 6fcf2e26-d739-464f-b86e-24a30fb794d9; 9daa9ffd-da46-4dde-92b6-51b846ecf6ce; 0145e3c1-293a-4b70-9bbe-49e5b2905144; 0e577a78-f253-4f1e-811e-64bef0a1aa7a; ab0dc991-5ded-4d36-a9a0-841d0727ccfd; 07f29e70-b6b9-49bc-bc8a-6b51438013d8; dc97863c-c7bf-47b6-b739-bb5c198c45f5; f5600bd3-a757-4691-a674-e79593ace79b; 29a5b05f-3ecd-454f-abc5-1f533b509415; db2959a4-d077-49ca-9933-d83acbc34603,0c4b32c6-9d89-451f-b806-84cfa5ccc100; 868d9879-6cd6-45d0-934d-eb07ec850bf1; 546a508c-c4cf-43e2-b376-5e019189b763; 3a199109-ea15-4641-bd15-7beec69e2976; 4fd01887-bb49-444d-90d3-7d58def8ecec; f5ffd00a-02ed-4843-a4c5-f676ccfd764b; e526e134-d654-4be7-9f48-a06bccf5f961; 6fcf2e26-d739-464f-b86e-24a30fb794d9; 9daa9ffd-da46-4dde-92b6-51b846ecf6ce; 0145e3c1-293a-4b70-9bbe-49e5b2905144; 0e577a78-f253-4f1e-811e-64bef0a1aa7a; ab0dc991-5ded-4d36-a9a0-841d0727ccfd; 07f29e70-b6b9-49bc-bc8a-6b51438013d8; dc97863c-c7bf-47b6-b739-bb5c198c45f5; f5600bd3-a757-4691-a674-e79593ace79b; 29a5b05f-3ecd-454f-abc5-1f533b509415; db2959a4-d077-49ca-9933-d83acbc34603
sxdxvun8eqwdpd3suig2,78,22,0,0.0,22,,6a09b453-76f3-4ab3-b87a-b5c5eb848e69; be5c4dcb-8e9c-45e4-9118-13526d1cf005; 65006cc4-8b22-4ce7-8365-8771515a4857; e60d1975-801d-4cc2-b8b7-6da1b983b12a; 9495b246-2f27-4e38-8a7d-77d3abcc66e3; 2edf3d4e-64b1-44ac-9bb1-477e0e538258; 8a619879-00c5-423a-b441-9e0cf10e80db; 54c3bd1c-d1aa-41a0-9e89-49cdbb31ef42; 25157bc6-f8d4-4ccc-bec6-677889ff80f6; 68632026-f10d-48dc-9c61-bed07769d732; 5f63bd77-3807-4860-81f5-62b1b6c6d10b; 445864b4-4f40-472b-8b4b-94ced61879c1; b0f98bdf-1a1a-468a-bf66-a59ff2f4bc04; ae7f14e9-fc18-4261-ac94-5fa70d5c87db; 20a3606e-91dd-4678-b24a-c82287807ae2; 0ed37390-c208-438a-995b-d080740f84ec; 2564c215-ae95-445f-a214-e4d8a621cb13; 33be2056-3260-46a7-86a1-8bb5ca719f12; 003e254c-0e27-4cb1-96ff-0e1ec70c5a76; 612cb3eb-d285-468f-9167-b60b855da646; c1c74f36-3dda-47b5-b901-894c8c95a57b; a42b96ef-e178-4744-8765-7b63824cfbd9,6a09b453-76f3-4ab3-b87a-b5c5eb848e69; be5c4dcb-8e9c-45e4-9118-13526d1cf005; 65006cc4-8b22-4ce7-8365-8771515a4857; e60d1975-801d-4cc2-b8b7-6da1b983b12a; 9495b246-2f27-4e38-8a7d-77d3abcc66e3; 2edf3d4e-64b1-44ac-9bb1-477e0e538258; 8a619879-00c5-423a-b441-9e0cf10e80db; 54c3bd1c-d1aa-41a0-9e89-49cdbb31ef42; 25157bc6-f8d4-4ccc-bec6-677889ff80f6; 68632026-f10d-48dc-9c61-bed07769d732; 5f63bd77-3807-4860-81f5-62b1b6c6d10b; 445864b4-4f40-472b-8b4b-94ced61879c1; b0f98bdf-1a1a-468a-bf66-a59ff2f4bc04; ae7f14e9-fc18-4261-ac94-5fa70d5c87db; 20a3606e-91dd-4678-b24a-c82287807ae2; 0ed37390-c208-438a-995b-d080740f84ec; 2564c215-ae95-445f-a214-e4d8a621cb13; 33be2056-3260-46a7-86a1-8bb5ca719f12; 003e254c-0e27-4cb1-96ff-0e1ec70c5a76; 612cb3eb-d285-468f-9167-b60b855da646; c1c74f36-3dda-47b5-b901-894c8c95a57b; a42b96ef-e178-4744-8765-7b63824cfbd9
r0i5akw8zimqf8ctmdf8,82,25,0,0.0,25,,ce8c718c-d35b-4360-b50f-e6dcab8e5169; 5a75d2a5-2bc4-46ce-a3c5-d756c9a1df02; 07738278-f8f4-404d-9fda-0e61529ffbf6; 6370b54a-85dc-4698-8110-87c6189e1ad7; 19e450ad-9ce0-488f-96c9-ced1a3ff6b1a; 0015bc40-def8-4892-bc0c-6829276a26ae; 8c6b6248-78f3-4eb2-bc85-b403923fe133; 71cd7d5d-25e9-41b2-810a-d1ea72936154; 8e2f86b7-c374-4e52-9e7d-18847c1bcba0; 1e26cd5b-ef95-4c9b-b413-5d8890b1b5bd; bcc0da9f-276b-42aa-83d6-29b114a9de24; d2eb014a-3cd1-4aab-8cc3-829be28a5318; c9e75c47-f332-4495-adfa-b0b23ed32795; 8939e708-9e9f-414d-afe3-5f018042dcd4; 5ed3e8bf-fb34-48fa-8403-5d6eef7c174f; 9f8cf757-e2f8-4df9-9402-1127afccf4b9; 404adade-96e9-47c7-b00b-23423bdc0fe1; c451ec9d-e90d-4d5a-99ee-eff86d263670; d9515afd-a7b9-440f-a98b-605b3ae6b6eb; 4588efe2-efa9-4633-881c-1ce4ed8c567a; b53bfb46-f538-41c8-9f9e-a2d4e6cd13e5; c5e83b5c-f263-4889-89fd-fceb1079bedf; 67789b1a-03a5-4eba-af42-caa9703d4abf; 887b3b07-1004-457c-8c50-225c3579462c; e3bbf0fc-9143-48ee-9665-8be62749b00b,ce8c718c-d35b-4360-b50f-e6dcab8e5169; 5a75d2a5-2bc4-46ce-a3c5-d756c9a1df02; 07738278-f8f4-404d-9fda-0e61529ffbf6; 6370b54a-85dc-4698-8110-87c6189e1ad7; 19e450ad-9ce0-488f-96c9-ced1a3ff6b1a; 0015bc40-def8-4892-bc0c-6829276a26ae; 8c6b6248-78f3-4eb2-bc85-b403923fe133; 71cd7d5d-25e9-41b2-810a-d1ea72936154; 8e2f86b7-c374-4e52-9e7d-18847c1bcba0; 1e26cd5b-ef95-4c9b-b413-5d8890b1b5bd; bcc0da9f-276b-42aa-83d6-29b114a9de24; d2eb014a-3cd1-4aab-8cc3-829be28a5318; c9e75c47-f332-4495-adfa-b0b23ed32795; 8939e708-9e9f-414d-afe3-5f018042dcd4; 5ed3e8bf-fb34-48fa-8403-5d6eef7c174f; 9f8cf757-e2f8-4df9-9402-1127afccf4b9; 404adade-96e9-47c7-b00b-23423bdc0fe1; c451ec9d-e90d-4d5a-99ee-eff86d263670; d9515afd-a7b9-440f-a98b-605b3ae6b6eb; 4588efe2-efa9-4633-881c-1ce4ed8c567a; b53bfb46-f538-41c8-9f9e-a2d4e6cd13e5; c5e83b5c-f263-4889-89fd-fceb1079bedf; 67789b1a-03a5-4eba-af42-caa9703d4abf; 887b3b07-1004-457c-8c50-225c3579462c; e3bbf0fc-9143-48ee-9665-8be62749b00b
fxakm7weit4m3u2yruo9,82,36,0,0.0,36,,e4700e29-bca8-4818-8682-4972cf19108b; 8089877f-19a7-42e4-b8d8-2f0fe2892c98; bc33cda7-4d21-4b64-b651-428fc9a10b2b; 8a872cf5-35c5-4198-94cc-4ff908c6bca8; a919e887-b31b-4775-933c-4b70e77a5aba; 8da6f419-2272-47f9-b22a-70770712c12a; 0625c45e-c49d-4e93-a557-cfee9e58828e; ed5d6fdb-d60a-45ab-b7c8-2c9bcc58aebc; f519d138-ee55-4b85-90ef-1340180081ed; c47e6f6c-0742-4d7c-b4cd-e4b64aded19b; 9780cda2-0eec-4a19-88d3-3c84e667f805; b18fda1a-1490-45c6-809b-1c2cede3ffd6; 946869eb-9dc8-4fb3-a0ff-581bb55cd4b5; 564caeb8-4503-4960-847c-bc98c13a102b; 7f46831b-7f27-44f5-8cc1-2f50759b5913; d154cc4c-0977-48fd-8bcf-551485e6bcd1; 4bcb2a12-6f79-491c-9ee4-f1bc4a7aae53; 37a66c18-4c94-4b28-84e2-1edd29d9802c; 8c996f35-a190-41d0-b668-09b371e34cb0; e2c4b5fa-7d17-4788-b12d-56c659a1f551; f10706e3-2abd-47ee-ac4c-f28eecf4cea4; 882fc415-5fd6-4334-94ab-c939110a1b3d; c761304a-d4b8-4e03-9a2b-5b907a580d52; 28ad24f5-0650-4d05-956e-f0ea7a0ca47d; 0fed6963-897f-408f-b821-2416c7aeb345; 032959d9-c1a5-4d06-aba0-6338c352de80; 2712de29-cf7b-4bb1-9c2b-a61b748d8100; 000a48d9-d6f2-43c1-9fa7-91111cd7a629; 0905a649-aed0-4223-90dd-e684b7fd8db4; ec23f356-85d3-481a-a0cc-f313e2c0dd87; b9c7886d-6dad-4b5c-9bdd-4aca97e8643a; b4b7bacd-cf12-48c0-9281-b134dd9e14ab; d4ae9d22-e7e5-4099-a80a-ab58b28b58b7; 035d1144-5c77-4575-8b11-f9534e042cb8; 3945dc88-c965-40ca-b774-d1b89d308daa; 05373494-2d53-40d8-a1ff-49d22ae52827,e4700e29-bca8-4818-8682-4972cf19108b; 8089877f-19a7-42e4-b8d8-2f0fe2892c98; bc33cda7-4d21-4b64-b651-428fc9a10b2b; 8a872cf5-35c5-4198-94cc-4ff908c6bca8; a919e887-b31b-4775-933c-4b70e77a5aba; 8da6f419-2272-47f9-b22a-70770712c12a; 0625c45e-c49d-4e93-a557-cfee9e58828e; ed5d6fdb-d60a-45ab-b7c8-2c9bcc58aebc; f519d138-ee55-4b85-90ef-1340180081ed; c47e6f6c-0742-4d7c-b4cd-e4b64aded19b; 9780cda2-0eec-4a19-88d3-3c84e667f805; b18fda1a-1490-45c6-809b-1c2cede3ffd6; 946869eb-9dc8-4fb3-a0ff-581bb55cd4b5; 564caeb8-4503-4960-847c-bc98c13a102b; 7f46831b-7f27-44f5-8cc1-2f50759b5913; d154cc4c-0977-48fd-8bcf-551485e6bcd1; 4bcb2a12-6f79-491c-9ee4-f1bc4a7aae53; 37a66c18-4c94-4b28-84e2-1edd29d9802c; 8c996f35-a190-41d0-b668-09b371e34cb0; e2c4b5fa-7d17-4788-b12d-56c659a1f551; f10706e3-2abd-47ee-ac4c-f28eecf4cea4; 882fc415-5fd6-4334-94ab-c939110a1b3d; c761304a-d4b8-4e03-9a2b-5b907a580d52; 28ad24f5-0650-4d05-956e-f0ea7a0ca47d; 0fed6963-897f-408f-b821-2416c7aeb345; 032959d9-c1a5-4d06-aba0-6338c352de80; 2712de29-cf7b-4bb1-9c2b-a61b748d8100; 000a48d9-d6f2-43c1-9fa7-91111cd7a629; 0905a649-aed0-4223-90dd-e684b7fd8db4; ec23f356-85d3-481a-a0cc-f313e2c0dd87; b9c7886d-6dad-4b5c-9bdd-4aca97e8643a; b4b7bacd-cf12-48c0-9281-b134dd9e14ab; d4ae9d22-e7e5-4099-a80a-ab58b28b58b7; 035d1144-5c77-4575-8b11-f9534e042cb8; 3945dc88-c965-40ca-b774-d1b89d308daa; 05373494-2d53-40d8-a1ff-49d22ae52827
mzmqwx231exnhdhwf7up,82,28,0,0.0,28,,b4cfdf97-985d-4aae-9a3d-f10bd8166416; e46ce8fd-f2ab-44b1-9a87-c075f90276a1; 7736af72-1ece-4808-821e-14fb6bf52afc; ec435cdd-df7d-46cd-903a-d72fadce8973; 7668005d-5c29-4bcd-a1a8-26d07baf1007; 0850415d-397f-440c-a207-afaf6b08d7e3; 83191c12-a5df-43af-84a3-762f57a5c849; f6ee0a99-d50f-4e14-b484-68a3811bd50c; adec4965-8c86-48a7-b609-6bfa881b368c; 610bc2bf-7221-4e81-b9ee-275afd536e8d; 4cb9f3bf-5bd8-4665-b0a0-116d98021cca; 15aa5c89-66f6-4a81-a8d7-6b854dc8e2c0; 81dcfb32-66ba-4c5d-b92c-47b2eed27091; 019e8bb2-d528-40e9-8fb4-a95bf00588b8; 8481f4ba-8fc3-49ee-ae72-08c94604cc65; c369ac45-f401-47f1-986f-ace8b0561612; 09427107-e0ee-4a91-aa42-a801b9ac9165; 5151d6d3-51c5-4443-9289-a58220dfeaa3; ff48464f-75ba-4e33-9529-db8b8e946670; b423a8fe-a20e-4015-9a81-24951cee219c; b9014285-a2bb-425c-87c4-982401c1bb98; 21d63215-863f-46be-988a-6c9e33bde441; 519e1fdf-20fe-4f12-8577-d175781c1f61; abe6caed-a0d2-40a6-a1e1-22ef829fee2b; 02af2546-359a-4afd-971e-7a1245c6edb5; 751ec641-53a1-412c-92a3-a3ca0898d5b5; 1de8f930-49f7-420e-bf58-04476904ce18; 2870959a-f34e-4c15-892b-13118ca9df5a,b4cfdf97-985d-4aae-9a3d-f10bd8166416; e46ce8fd-f2ab-44b1-9a87-c075f90276a1; 7736af72-1ece-4808-821e-14fb6bf52afc; ec435cdd-df7d-46cd-903a-d72fadce8973; 7668005d-5c29-4bcd-a1a8-26d07baf1007; 0850415d-397f-440c-a207-afaf6b08d7e3; 83191c12-a5df-43af-84a3-762f57a5c849; f6ee0a99-d50f-4e14-b484-68a3811bd50c; adec4965-8c86-48a7-b609-6bfa881b368c; 610bc2bf-7221-4e81-b9ee-275afd536e8d; 4cb9f3bf-5bd8-4665-b0a0-116d98021cca; 15aa5c89-66f6-4a81-a8d7-6b854dc8e2c0; 81dcfb32-66ba-4c5d-b92c-47b2eed27091; 019e8bb2-d528-40e9-8fb4-a95bf00588b8; 8481f4ba-8fc3-49ee-ae72-08c94604cc65; c369ac45-f401-47f1-986f-ace8b0561612; 09427107-e0ee-4a91-aa42-a801b9ac9165; 5151d6d3-51c5-4443-9289-a58220dfeaa3; ff48464f-75ba-4e33-9529-db8b8e946670; b423a8fe-a20e-4015-9a81-24951cee219c; b9014285-a2bb-425c-87c4-982401c1bb98; 21d63215-863f-46be-988a-6c9e33bde441; 519e1fdf-20fe-4f12-8577-d175781c1f61; abe6caed-a0d2-40a6-a1e1-22ef829fee2b; 02af2546-359a-4afd-971e-7a1245c6edb5; 751ec641-53a1-412c-92a3-a3ca0898d5b5; 1de8f930-49f7-420e-bf58-04476904ce18; 2870959a-f34e-4c15-892b-13118ca9df5a
ehg4ydhhjzuomkte9o4j,82,25,0,0.0,25,,031fbc94-a765-4bf8-9a03-ce067a24cc69; e908fcdc-568f-43ec-b839-52204feb4196; 6a7842ee-198d-48de-ab99-8caf74efa6cf; 073041ae-3d79-4b8b-8d0f-c9dcd6298eeb; 82a16f06-4d75-4519-bb44-8677d881a68d; 9832c5d4-a0db-4d79-bfcf-ef36623574eb; b18579a3-33f2-435a-89a2-fbaf71f46b4f; 1ef975be-72be-4752-8465-212dff3c35ac; 1e170017-f66b-4a67-bd7e-ed1e0de41984; c04fadc1-b263-4e07-9eda-b4df0cbf71f4; ef74cccb-1823-479c-b8a3-f000ebafb0c3; ebfd3901-db64-4459-b87d-061fe2e2ce2a; b32d14bc-4ee8-496b-b89b-aa47a305a47c; 43325869-216c-4483-855d-c05f8e8e6244; 74602d60-b271-45ef-a0dc-f9828ebdb499; 78aec637-9120-4112-88c4-00550b3bcb2e; 803b82ed-fa91-482c-ac60-97f2ff44b672; 0fd1ff6e-b183-47af-b7da-b62ab45f0b0f; b514a9e8-96d4-48b6-8cc6-ba1139080510; 4c424ed8-247b-47d7-b0e7-6fa76e0f1ac2; 6515802f-2272-41f8-a213-ed9e00b28377; 2b9ce395-464d-4b1a-a891-2809de66411f; 3d31cf1d-3c69-48af-bef5-de4ac81f8992; 4ae826f3-507e-4aca-9639-2e46e6a70224; 8ba3830f-aaa1-489d-a2f1-80e5c4dcc107,031fbc94-a765-4bf8-9a03-ce067a24cc69; e908fcdc-568f-43ec-b839-52204feb4196; 6a7842ee-198d-48de-ab99-8caf74efa6cf; 073041ae-3d79-4b8b-8d0f-c9dcd6298eeb; 82a16f06-4d75-4519-bb44-8677d881a68d; 9832c5d4-a0db-4d79-bfcf-ef36623574eb; b18579a3-33f2-435a-89a2-fbaf71f46b4f; 1ef975be-72be-4752-8465-212dff3c35ac; 1e170017-f66b-4a67-bd7e-ed1e0de41984; c04fadc1-b263-4e07-9eda-b4df0cbf71f4; ef74cccb-1823-479c-b8a3-f000ebafb0c3; ebfd3901-db64-4459-b87d-061fe2e2ce2a; b32d14bc-4ee8-496b-b89b-aa47a305a47c; 43325869-216c-4483-855d-c05f8e8e6244; 74602d60-b271-45ef-a0dc-f9828ebdb499; 78aec637-9120-4112-88c4-00550b3bcb2e; 803b82ed-fa91-482c-ac60-97f2ff44b672; 0fd1ff6e-b183-47af-b7da-b62ab45f0b0f; b514a9e8-96d4-48b6-8cc6-ba1139080510; 4c424ed8-247b-47d7-b0e7-6fa76e0f1ac2; 6515802f-2272-41f8-a213-ed9e00b28377; 2b9ce395-464d-4b1a-a891-2809de66411f; 3d31cf1d-3c69-48af-bef5-de4ac81f8992; 4ae826f3-507e-4aca-9639-2e46e6a70224; 8ba3830f-aaa1-489d-a2f1-80e5c4dcc107
v0ecc0gk2npw9iho4fpg,82,19,0,0.0,19,,d5756877-7d4b-475c-b172-dd5a2dccc6cc; 5eaa7960-11c3-4eb8-9d4e-27facd833744; e62c120c-4a80-47f8-91a5-f264b9248ce8; 66ce6449-14e1-4feb-bfe4-5f1eb189d282; 42d19916-48e2-4068-bb44-baecc541bcde; e716da9b-3ac8-42ab-b070-d6a49335990f; e5768f68-0887-4bd3-abdc-b1c5f819a9ed; 0629fae0-10e8-4ca6-8b78-5d832d409eaa; 0abb620f-cb0d-419a-b4da-2378a3079cf3; 4a6aa632-9ffe-4dbb-8ccc-a2fb3462c723; fc565f28-0ecf-465d-ab39-6df46796813b; f7eb5513-b43f-42bb-86ed-ec183d9eaf1f; 8f874291-02dd-4e9c-ba20-cd3a081bad3b; 0a05b85e-50a8-4fa9-a430-79b3ef2893f8; 8a0c45c4-2dec-423a-aa99-178e84db58b5; ad881e87-c3b0-42cf-b0b7-08b0352b77df; 295686fb-5886-43cb-ab74-31c5725ef011; 9570c30d-3154-486b-aa9e-a52d202a1700; 0e7575d2-1fcb-4b86-9b8a-f659b1e9464f,d5756877-7d4b-475c-b172-dd5a2dccc6cc; 5eaa7960-11c3-4eb8-9d4e-27facd833744; e62c120c-4a80-47f8-91a5-f264b9248ce8; 66ce6449-14e1-4feb-bfe4-5f1eb189d282; 42d19916-48e2-4068-bb44-baecc541bcde; e716da9b-3ac8-42ab-b070-d6a49335990f; e5768f68-0887-4bd3-abdc-b1c5f819a9ed; 0629fae0-10e8-4ca6-8b78-5d832d409eaa; 0abb620f-cb0d-419a-b4da-2378a3079cf3; 4a6aa632-9ffe-4dbb-8ccc-a2fb3462c723; fc565f28-0ecf-465d-ab39-6df46796813b; f7eb5513-b43f-42bb-86ed-ec183d9eaf1f; 8f874291-02dd-4e9c-ba20-cd3a081bad3b; 0a05b85e-50a8-4fa9-a430-79b3ef2893f8; 8a0c45c4-2dec-423a-aa99-178e84db58b5; ad881e87-c3b0-42cf-b0b7-08b0352b77df; 295686fb-5886-43cb-ab74-31c5725ef011; 9570c30d-3154-486b-aa9e-a52d202a1700; 0e7575d2-1fcb-4b86-9b8a-f659b1e9464f
7dpg1z7b677413s72zs7,85,27,0,0.0,27,,5f90a827-f6b6-4ead-aaf6-6307bf344cfb; ebb32a03-dd28-4bd8-a125-f8b2b8e87f11; ddf26ef8-76ae-4f40-bf51-6d6478b1b7ef; c0a78f60-dfab-4f17-a88a-872bcb17260f; ccbdeede-4701-4ee4-a27e-b0ed4f4859e3; 72aed940-680a-417f-b73a-6ae1288a19cc; f41b116e-00a0-4972-8a08-235c6c41e876; 243d3f34-ad55-4e38-ab36-af6b99a49c0b; c38198df-410b-424c-ba41-9a0143dc359b; f964903a-262d-4552-8527-8d640d681d77; 0f0581cb-44c2-43fe-8284-e74c69b06618; 76d3c9ca-e2f8-422e-b04c-7b437cdc1930; bc01f479-0534-4e7b-adb4-cf00634db18c; 366221d4-af8b-4ff0-be6a-e826d49a4429; 165ada20-e63d-42e8-ab08-1dde386ff2d2; 8aa3929f-2162-48cb-9594-ce5caa75014b; bf819a3f-ec93-4dd9-a16b-5563ee72d51c; 704d77a9-b39b-4d18-8943-1d83a4e760b4; b318b8c7-44e8-40bd-bafe-b5649ddfecab; 69307a81-155c-4dd2-a5aa-9dc635d15ea6; d00e9bc7-2bfe-449d-b124-b2ce84169d6f; bb6498f7-4236-4ca0-8b7b-a9bbe0561e81; 2e707416-294a-4f02-9139-d5662f70d84f; 7974fea3-90aa-4dff-944b-72c9faaf795b; da5330c6-3f28-4b46-9fea-530c41088d35; b8558129-c9b8-4c75-9934-239b3684ed49; f215a3b9-1bc8-4cc9-9745-2a03f20db1c2,5f90a827-f6b6-4ead-aaf6-6307bf344cfb; ebb32a03-dd28-4bd8-a125-f8b2b8e87f11; ddf26ef8-76ae-4f40-bf51-6d6478b1b7ef; c0a78f60-dfab-4f17-a88a-872bcb17260f; ccbdeede-4701-4ee4-a27e-b0ed4f4859e3; 72aed940-680a-417f-b73a-6ae1288a19cc; f41b116e-00a0-4972-8a08-235c6c41e876; 243d3f34-ad55-4e38-ab36-af6b99a49c0b; c38198df-410b-424c-ba41-9a0143dc359b; f964903a-262d-4552-8527-8d640d681d77; 0f0581cb-44c2-43fe-8284-e74c69b06618; 76d3c9ca-e2f8-422e-b04c-7b437cdc1930; bc01f479-0534-4e7b-adb4-cf00634db18c; 366221d4-af8b-4ff0-be6a-e826d49a4429; 165ada20-e63d-42e8-ab08-1dde386ff2d2; 8aa3929f-2162-48cb-9594-ce5caa75014b; bf819a3f-ec93-4dd9-a16b-5563ee72d51c; 704d77a9-b39b-4d18-8943-1d83a4e760b4; b318b8c7-44e8-40bd-bafe-b5649ddfecab; 69307a81-155c-4dd2-a5aa-9dc635d15ea6; d00e9bc7-2bfe-449d-b124-b2ce84169d6f; bb6498f7-4236-4ca0-8b7b-a9bbe0561e81; 2e707416-294a-4f02-9139-d5662f70d84f; 7974fea3-90aa-4dff-944b-72c9faaf795b; da5330c6-3f28-4b46-9fea-530c41088d35; b8558129-c9b8-4c75-9934-239b3684ed49; f215a3b9-1bc8-4cc9-9745-2a03f20db1c2
tal96dowdi89mib5ukks,85,17,0,0.0,17,,b9d33875-6e2b-4190-ba2a-c269be0134bf; 0c1bda2a-4063-4f13-9aa2-95500d13bb30; 1c956da6-104d-4d8a-84e5-951fc89f223b; 4d42d702-5a5d-49df-8940-ed7499ad8814; 22d895f2-2933-4f83-83da-855bb3b46a8f; 6500f292-662f-4df6-9d79-d956c1ac87d9; 61f4fe46-5e7a-4e1b-8ad7-591ce9ab7a01; 69b23bfb-f85c-4cf5-8ad6-69504fd75523; ec5576b6-4935-45ed-9099-c976c6916356; 24cb8b98-65d3-4efe-b4b5-3e08baed5fdb; 909de28f-88d8-4864-8559-9289bbad95e3; d065c18f-99a6-40a3-a79b-f2b9597256bd; d3f750bd-2f97-443f-9138-dc3e434cd227; 37580a69-f884-4b2b-ba64-f0d1f87fa2ea; f3c6d571-7a9f-4120-b120-22feac43a22b; 58f59a1e-a523-4d52-9d47-4a00383b32ef; a75961bc-c563-49a7-96ec-3bf698411f87,b9d33875-6e2b-4190-ba2a-c269be0134bf; 0c1bda2a-4063-4f13-9aa2-95500d13bb30; 1c956da6-104d-4d8a-84e5-951fc89f223b; 4d42d702-5a5d-49df-8940-ed7499ad8814; 22d895f2-2933-4f83-83da-855bb3b46a8f; 6500f292-662f-4df6-9d79-d956c1ac87d9; 61f4fe46-5e7a-4e1b-8ad7-591ce9ab7a01; 69b23bfb-f85c-4cf5-8ad6-69504fd75523; ec5576b6-4935-45ed-9099-c976c6916356; 24cb8b98-65d3-4efe-b4b5-3e08baed5fdb; 909de28f-88d8-4864-8559-9289bbad95e3; d065c18f-99a6-40a3-a79b-f2b9597256bd; d3f750bd-2f97-443f-9138-dc3e434cd227; 37580a69-f884-4b2b-ba64-f0d1f87fa2ea; f3c6d571-7a9f-4120-b120-22feac43a22b; 58f59a1e-a523-4d52-9d47-4a00383b32ef; a75961bc-c563-49a7-96ec-3bf698411f87
io7t02hpcdqfbpqtmdjo,85,24,0,0.0,24,,2217fd5e-3230-4696-97cb-e7b6792efdf1; bf51f5b5-4b3a-4d74-9f87-0a3bf1989da2; 852dde45-01fa-4f37-864a-b1629cabf2cd; a236b590-336c-4d55-952e-5c6ea22db66c; aaf4f3a8-a7b8-41c5-b85a-65617a2ec9d4; 969d2c32-a8a9-46f5-9b4d-b635425e558d; 4b419233-0573-4d70-b2a3-4a7bfbeaea37; 3407e94a-b1f3-4e90-9802-e9f3cbbc8345; a86de3ef-36ab-4fb8-b3a2-5fb39c8f5a98; fe597989-5904-4f29-affa-94eb6c186a4e; 302730ca-e8ca-452c-809e-e46f3d25662e; 549bbf9d-6c49-439b-a23c-5cddec4f712c; d658239b-e254-4adf-a97a-0b0038b30536; 0d0de636-fc81-4c0c-bba3-b46d7b356cfc; 7d02410a-56c5-45c5-afb7-284c8582a207; 7145681f-d0d5-496a-a1e5-291d630e174d; a7c86847-c93d-416b-91ff-569d7ae86d21; 664e829b-c26d-4fc7-910a-dcaed8ab036a; 57db0444-ffdd-47fa-98a6-d5a55cd3d04a; 530d0bc3-00b6-435f-9676-9d015505a072; 82fe2c4d-a472-46e4-a382-fe874bb3e283; e869d55f-1c33-4313-b956-2093aef72c0e; 8e59ae57-6408-42b4-8e65-3a13d153427e; 58541ce0-c918-42be-bfee-b9291c592aaf,2217fd5e-3230-4696-97cb-e7b6792efdf1; bf51f5b5-4b3a-4d74-9f87-0a3bf1989da2; 852dde45-01fa-4f37-864a-b1629cabf2cd; a236b590-336c-4d55-952e-5c6ea22db66c; aaf4f3a8-a7b8-41c5-b85a-65617a2ec9d4; 969d2c32-a8a9-46f5-9b4d-b635425e558d; 4b419233-0573-4d70-b2a3-4a7bfbeaea37; 3407e94a-b1f3-4e90-9802-e9f3cbbc8345; a86de3ef-36ab-4fb8-b3a2-5fb39c8f5a98; fe597989-5904-4f29-affa-94eb6c186a4e; 302730ca-e8ca-452c-809e-e46f3d25662e; 549bbf9d-6c49-439b-a23c-5cddec4f712c; d658239b-e254-4adf-a97a-0b0038b30536; 0d0de636-fc81-4c0c-bba3-b46d7b356cfc; 7d02410a-56c5-45c5-afb7-284c8582a207; 7145681f-d0d5-496a-a1e5-291d630e174d; a7c86847-c93d-416b-91ff-569d7ae86d21; 664e829b-c26d-4fc7-910a-dcaed8ab036a; 57db0444-ffdd-47fa-98a6-d5a55cd3d04a; 530d0bc3-00b6-435f-9676-9d015505a072; 82fe2c4d-a472-46e4-a382-fe874bb3e283; e869d55f-1c33-4313-b956-2093aef72c0e; 8e59ae57-6408-42b4-8e65-3a13d153427e; 58541ce0-c918-42be-bfee-b9291c592aaf
